,Gender,Race,Major,SAT,ACT,Extacurriculars,Acceptances,Rejections,Extracurriculars
0,Male,['white'],['computer engineering'],['1340'],,,['purdue'],"['duke', 'northwestern', 'emory', 'tufts', 'cwru', 'uiuc', 'uga', 'lehigh']","{'teaching', 'working', 'volunteering', 'research', 'olympiad', 'robotics'}"
1,Male,"['white', 'hispanic']","['econ', 'finance', 'business', 'philosophy']",['1510'],,,"['upenn', 'yale', 'university of notre dame', 'uchicago', 'uiuc']","['harvard', 'stanford']","{'tutoring', 'teaching', 'tutor', 'officer', 'executive', 'research', 'club', 'intern'}"
2,Female,[],['chemistry'],['1500'],,,"['upenn', 'duke', ' uva ', 'rice', 'washu', 'wake forest', 'emory', 'dartmouth', 'brown', 'northwestern', 'cwru']","['princeton', 'harvard', ' mit ', 'stanford', 'vanderbilt', ' usc ', ' bu ']","{'club', 'golf', 'job', 'president'}"
3,Female,['asian'],"['econ', 'business']",['1540'],,,"['cornell', 'upenn', 'northeastern', 'nyu', 'vanderbilt', 'tufts', 'dartmouth', 'emory', 'ut austin', ' bu ', 'northwestern', 'unc']","['harvard', 'stanford', 'duke', 'brown', 'washu', 'georgetown', ' usc ']","{'job', 'officer', 'nonprofit', 'research', 'club', 'intern'}"
4,Female,['white'],['environmental'],['1380'],,,['uc davis'],"['washu', 'ucla', 'uc berkeley', 'umich', 'ucsb', 'ucsd', 'uci']","{'research', 'club', 'orchestra'}"
5,Male,[],['econ'],[],,,['brown'],[],"{'captain', 'working', 'secretary', 'football', 'research'}"
6,Male,['asian'],"['econ', 'political science']",['1460'],,,"['boston college', 'uc davis', 'uc berkeley']","['cornell', 'ucla', 'umich', ' uva ', 'nyu', 'tufts', 'ucsd', 'uci']","{'yearbook', 'volunteered', 'club', 'interned'}"
7,Female,['white'],['history'],[],34 ,,"['upenn', 'yale', ' uva ', 'university of notre dame', 'uga', 'brown', 'stanford', 'unc']","['princeton', 'harvard', 'duke', 'dartmouth', 'vanderbilt', 'washu', 'rice', 'emory', ' usc ', 'tufts']","{'co-founder', 'volunteer', 'president', 'founder', 'club'}"
8,Female,['asian'],"['math', 'computer science']",['1550'],35 ,,"['unc', 'gatech', 'stanford', 'duke', ' uva ', 'rice', 'uiuc']",[],"{'captain', 'volunteer', 'club', 'internship'}"
9,Other/LGBTQ+,['asian'],['political science'],['1580'],,,"['uc davis', 'nyu', 'ucla', 'ucsd', 'uc berkeley']","['princeton', 'harvard', 'yale', 'stanford', 'upenn', 'duke', 'northwestern', 'dartmouth', 'brown', 'cornell', 'rice', 'georgetown', 'umich', ' usc ', 'ucsb', 'uci']","{'co-founder', 'tutor', 'founder', 'volunteering', 'volunteer', 'nonprofit', 'president', 'football', 'research', 'club'}"
10,Male,[],"['computer science', 'computer engineering', 'business']",[],35 ,,"['uc davis', 'tulane', 'washu', 'uci', 'ucsd']","['harvard', 'stanford', 'northwestern', 'ucla', 'uc berkeley', 'georgetown', ' usc ', 'tufts', 'ucsb']","{'volunteer', 'president', 'intern', 'teaching'}"
11,Male,['white'],['math'],['1580'],,,['uchicago'],[],"{'volunteering', 'art', 'tutoring'}"
12,Male,['white'],[' international relations'],['1510'],,,"['rice', 'cornell', 'georgetown', ' uva ']",['dartmouth'],"{'research', 'art', 'tutor', 'president'}"
13,Female,[],['business'],[],,,[],[],set()
14,Other/LGBTQ+,[],[],[],,,[],[],set()
