,Gender,Race,Major,SAT,ACT,Extracurriculars,Acceptances,Rejections,url
1,Male,['asian'],"['econ', 'business']",1460,[],"{'club', 'mun', 'volunteering', 'president'}","[' bu ', 'ucsb', 'boston college', 'uc davis']","['upenn', 'duke', 'northwestern', 'brown', 'vanderbilt', 'cornell', 'ucla', 'uc berkeley', 'georgetown', 'umich', 'nyu', 'ucsd', 'colby']",https://www.reddit.com/r/collegeresults/comments/wodqak/locis_waitlists_saves_businessecon_international/
2,Male,['white'],"['econ', 'finance', 'business']",1470,[],"{'volunteered', 'club', 'tutor', 'founder', 'internship', 'football', 'job', 'tutoring', 'captain'}","['emory', 'tulane']","['cornell', 'cmu', ' uva ', 'nyu', 'unc', 'boston college', 'ut austin', 'amherst college', 'middlebury']",https://www.reddit.com/r/collegeresults/comments/wnqv0s/above_average_co_21_kid_20_schools_decent_results/
3,Male,['white'],['physics'],1570,35 ,"{'mun', 'club', 'president', 'research', 'art'}","['emory', 'william & mary', 'williams', ' uf ', 'northeastern']","['princeton', 'harvard', ' mit ', 'yale', 'uchicago', 'northwestern', 'brown', 'washu', 'swarthmore', 'colby']",https://www.reddit.com/r/collegeresults/comments/wmvr5y/florida_man_discovers_dream_school_only_after_the/
4,Other/LGBTQ+,[],"['econ', 'business']",[],35 ,"{'club', 'nonprofit', 'captain', 'president'}","['emory', 'ucsd', 'boston college', 'uchicago', 'nyu', 'northeastern', ' uva ']","['northwestern', 'vanderbilt', 'washu', 'ucla', 'uc berkeley', 'georgetown', ' usc ', 'ucsb', 'unc', 'ut austin']",https://www.reddit.com/r/collegeresults/comments/wmo4ge/some_pretty_incredible_results_for_hispanic/
5,Male,['asian'],"['computer engineering', 'political science']",1550,[],"{'orchestra', 'club', 'internship', 'president', 'research', 'art', 'volunteer'}",[],"['dartmouth', 'brown', 'washu', 'cornell', 'georgetown', 'nyu', 'tufts', 'northeastern', 'williams', 'swarthmore', 'bowdoin', 'middlebury', 'grinnell', 'hamilton', 'colby', 'colgate', 'wesleyan']",https://www.reddit.com/r/collegeresults/comments/wmc2ys/liberal_arts_fanatic_acceptances/
6,Male,['asian'],"['bio', 'premed']",1560,[],{'research'},"['uga', 'dartmouth', 'vanderbilt', 'villanova']","['yale', 'upenn', 'duke', 'cornell', 'university of notre dame', 'umich', 'nyu', 'unc']",https://www.reddit.com/r/collegeresults/comments/wm8k7b/t20_asian_dude_acceptances/
7,Male,"['white', 'asian']","['bio', 'premed']",1350,[],"{'robotics', 'officer', 'club', 'soccer', 'president', 'job', 'research', 'executive', 'treasurer', 'volunteer', 'captain'}",[],"['harvard', 'yale', 'stanford', 'duke', 'ucla', 'ucsd']",https://www.reddit.com/r/collegeresults/comments/wlkgv6/how_i_got_over_2_million_dollars_in_college/
8,Male,['white'],['computer engineering'],1540,[],"{'volunteered', 'research', 'officer', 'tutoring', 'volunteering', 'football', 'job', 'teaching', 'volunteer', 'captain'}",[],"['princeton', ' mit ', 'cornell', 'umich', 'cmu', 'cwru']",https://www.reddit.com/r/collegeresults/comments/wkjhut/proof_that_you_really_can_have_fun_in_high_school/
9,Male,['white'],['computer engineering'],1340,[],"{'robotics', 'research', 'volunteering', 'working', 'teaching', 'olympiad'}","['uga', 'emory', 'tufts', 'uiuc', 'cwru', 'lehigh', 'northwestern', 'duke', 'purdue']",[],https://www.reddit.com/r/collegeresults/comments/wk7s7l/international_student_from_exsoviet_country/
10,Male,"['white', 'hispanic']","['econ', 'finance', 'business', 'philosophy']",1510,[],"{'research', 'officer', 'club', 'tutor', 'intern', 'tutoring', 'teaching', 'executive'}","['university of notre dame', 'yale', 'uiuc', 'upenn', 'uchicago']","['harvard', 'stanford']",https://www.reddit.com/r/collegeresults/comments/wjnyc0/how_a_philosopher_got_a_yale_likely_letter_my/
11,Female,[],['chemistry'],1500,[],"{'club', 'golf', 'job', 'president'}","['emory', 'williams', 'brown', 'rice', 'middlebury', 'cwru', 'washu', 'northwestern', 'upenn', 'dartmouth', 'duke', ' uva ', 'wake forest']","['princeton', 'harvard', ' mit ', 'stanford', 'vanderbilt', ' usc ', ' bu ', 'swarthmore', 'pomona', 'hamilton']",https://www.reddit.com/r/collegeresults/comments/w77gv1/girl_shoots_for_the_stars_and_gets_in/
14,Female,['white'],['environmental'],1380,[],"{'research', 'club', 'orchestra'}",['uc davis'],"['washu', 'ucla', 'uc berkeley', 'umich', 'ucsb', 'ucsd', 'uci', 'claremont', 'grinnell', 'hamilton']",https://www.reddit.com/r/collegeresults/comments/w04624/mixed_gal_gets_accepted_off_waitlist_to_dream/
16,Male,['asian'],"['econ', 'political science']",1460,[],"{'volunteered', 'club', 'yearbook', 'interned'}","['uc berkeley', 'boston college', 'uc davis']","['cornell', 'ucla', 'umich', ' uva ', 'nyu', 'tufts', 'ucsd', 'uci', 'middlebury', 'wesleyan']",https://www.reddit.com/r/collegeresults/comments/vvyny4/international_asian_student_gets_lucky/
17,Female,['white'],['history'],[],34 ,"{'club', 'founder', 'president', 'co-founder', 'volunteer'}","['uga', 'brown', 'university of notre dame', 'yale', 'unc', 'upenn', 'stanford', ' uva ']","['princeton', 'harvard', 'duke', 'dartmouth', 'vanderbilt', 'washu', 'rice', 'emory', ' usc ', 'tufts']",https://www.reddit.com/r/collegeresults/comments/vv3jxi/farm_girl_gets_pleasantly_surprised_ivies_and/
18,Female,['asian'],"['math', 'computer science']",1550,35 ,"{'internship', 'club', 'volunteer', 'captain'}","['unc', 'rice', 'duke', 'stanford', 'uiuc', ' uva ', 'gatech']",[],https://www.reddit.com/r/collegeresults/comments/vun5cv/results_of_a_more_sports_based_application/
19,Other/LGBTQ+,['asian'],['political science'],1580,[],"{'co-founder', 'club', 'tutor', 'founder', 'president', 'volunteering', 'football', 'research', 'volunteer', 'nonprofit'}","['ucla', 'uc berkeley', 'ucsd', 'nyu', 'uc davis']","['princeton', 'harvard', 'yale', 'stanford', 'upenn', 'duke', 'northwestern', 'dartmouth', 'brown', 'cornell', 'rice', 'georgetown', 'umich', ' usc ', 'ucsb', 'uci']",https://www.reddit.com/r/collegeresults/comments/vtjjyk/east_asian_pissbaby_unoreverses_ivies/
20,Male,[],"['computer science', 'computer engineering', 'business']",[],35 ,"{'teaching', 'president', 'intern', 'volunteer'}","['uci', 'washu', 'tulane', 'ucsd', 'uc davis']","['harvard', 'stanford', 'northwestern', 'ucla', 'uc berkeley', 'georgetown', ' usc ', 'tufts', 'ucsb']",https://www.reddit.com/r/collegeresults/comments/vshhhn/slightly_above_average_indian_dude_does_slightly/
21,Male,['white'],['math'],1580,[],"{'tutoring', 'art', 'volunteering'}",['uchicago'],[],https://www.reddit.com/r/collegeresults/comments/vs1sjn/pseudointellectual_procrastinator_performs/
22,Male,['white'],[' international relations'],1510,[],"{'research', 'president', 'art', 'tutor'}","[' uva ', 'georgetown', 'cornell', 'rice']","['dartmouth', 'williams', 'amherst college', 'swarthmore']",https://www.reddit.com/r/collegeresults/comments/vs17k0/international_relations_gets_shit_on_by_lacs_but/
23,Male,['white'],['math'],1570,[],"{'orchestra', 'mun', 'secretary', 'co-founder', 'club', 'president', 'tutoring', 'treasurer'}","['georgetown', 'umich', 'unc', 'uchicago', 'northeastern', 'duke', 'harvard']","['princeton', 'upenn', 'northwestern', 'brown', 'cornell', 'ucla', 'cmu', 'ucsd']",https://www.reddit.com/r/collegeresults/comments/vqwmz0/big_surprise_for_boring_white_male_from_northeast/
24,Male,['hispanic'],['math'],1590,35 ,"{'tutoring', 'club', 'olympiad', 'officer'}","['gatech', 'caltech', 'uc berkeley', ' uf ', ' mit ']","['princeton', 'harvard', 'stanford', 'ucla', 'northeastern']",https://www.reddit.com/r/collegeresults/comments/vquvzv/results_of_a_hispanic_math_major/
26,Male,['asian'],['math'],1510,[],"{'research', 'club', 'internship', 'orchestra', 'volunteer'}",[],"['harvard', 'yale', 'stanford', 'duke', 'brown', 'ucla', 'uc berkeley', 'cmu', ' usc ', 'ucsb', 'ucsd', 'uci', 'uc davis', 'northeastern', 'williams', 'pomona']",https://www.reddit.com/r/collegeresults/comments/vpjouv/asian_dude_in_stem_from_bay_area_is_happy/
27,Female,[],['neuroscience'],[],36 ,"{'orchestra', 'research', 'officer', 'club', 'yearbook', 'tutor', 'founder', 'internship', 'president', 'working', 'tutoring', 'intern', 'olympiad', 'nonprofit'}","['ucla', 'ucsd', 'northwestern', 'northeastern', 'osu', 'ucsb']","[' mit ', 'stanford', 'uchicago', 'caltech', 'duke', 'umich', 'cwru']",https://www.reddit.com/r/collegeresults/comments/vp9a04/the_results_of_a_low_gpa_asian_who_did_every_supp/
28,Male,['hispanic'],"['math', 'computer science', 'computer engineering']",[],[],"{'club', 'intern', 'secretary', 'vp'}","['nyu', 'tufts', 'brown', 'boston college']","['princeton', 'yale', 'stanford', 'upenn', 'duke', 'jhu', 'cornell', 'northeastern']",https://www.reddit.com/r/collegeresults/comments/volnxr/first_gen_gets_luckyreally_lucky/
32,Male,"['white', 'hispanic']",['computer science'],[],[],"{'volunteered', 'club', 'soccer', 'captain'}","['william & mary', ' uva ']","['stanford', 'brown']",https://www.reddit.com/r/collegeresults/comments/vn78c6/crazy_story_broh/
33,Female,['asian'],['undecided'],1510,[],"{'club', 'founder', 'nonprofit', 'president'}","['uiuc', 'university of rochester', 'northwestern']","['princeton', 'harvard', 'uchicago', 'upenn', 'brown', 'washu', 'cornell', 'ucla', 'uc berkeley', 'umich', ' usc ', 'nyu', 'tufts', 'ucsb', ' uf ', 'ucsd', 'boston college', ' bu ', 'northeastern']",https://www.reddit.com/r/collegeresults/comments/vn361k/it_got_better_in_the_end/
35,Male,[],['math'],1590,36 ,"{'secretary', 'club', 'president', 'tutoring', 'captain'}","['yale', 'umich', 'uiuc', 'harvard', ' mit ', 'princeton', 'duke', 'stanford', 'purdue']","['uchicago', 'caltech', 'ucla', 'uci', 'northeastern']",https://www.reddit.com/r/collegeresults/comments/vmwojw/orm_demolishes_college_apps/
36,Male,['asian'],"['chemistry', 'chemical engineer']",1390,31 ,"{'robotics', 'club', 'founder', 'job', 'volunteered', 'captain'}",[],"['princeton', 'harvard', ' mit ', 'yale', 'stanford', 'uchicago', 'upenn', 'caltech', 'duke', 'jhu', 'dartmouth', 'brown', 'cornell', 'ucla', 'uc berkeley', 'umich', 'cmu', 'ucsb', 'uci', 'uc davis', 'northeastern']",https://www.reddit.com/r/collegeresults/comments/vmvnm5/a_single_acceptance_is_all_it_takes/
37,Female,[],"['econ', 'business']",1490,[],"{'officer', 'club', 'president', 'orchestra', 'nonprofit'}","['ut austin', 'umich', 'uci', ' usc ', 'ucsd', 'northwestern', 'unc', 'uchicago', 'princeton', 'duke', 'cornell']","['harvard', ' mit ', 'yale', 'stanford', 'upenn']",https://www.reddit.com/r/collegeresults/comments/vmss2e/the_results_of_someone_that_spent_only_3_hours_on/
38,Male,"['white', 'asian']","['math', 'bio']",1530,36 ,"{'research', 'president', 'intern', 'captain'}","['brown', 'gatech', 'vanderbilt', 'yale', 'uiuc', 'cwru', 'washu', 'princeton', 'purdue']","['stanford', 'cornell', ' usc ']",https://www.reddit.com/r/collegeresults/comments/vmpoh2/unhooked_yale_likely_letterfull_vandy_merit/
40,Male,[],"['econ', 'undecided']",1360,36 ,[],"['ut austin', 'yale', 'middlebury', 'upenn', 'swarthmore', 'princeton', 'harvard', 'villanova']","['washu', 'cornell']",https://www.reddit.com/r/collegeresults/comments/vm8h4a/unhooked_asian_male_beats_odds/
41,Female,['white'],"['computer engineering', 'political science', 'arts']",1360,34 ,"{'vp', 'officer', 'club', 'football', 'working', 'tutoring'}",[],[],https://www.reddit.com/r/collegeresults/comments/vlyww9/a_princeton_admit_qb_match/
42,Male,['asian'],"['computer science', 'computer engineering']",1310,[],"{'club', 'robotics', 'volunteering', 'job'}",['brandeis'],"[' bu ', 'northeastern']",https://www.reddit.com/r/collegeresults/comments/vl83lg/cs_major_from_ma_decides_to_take_it_easy_and_did/
44,Male,['asian'],"['bio', 'computer engineering']",1520,[],"{'officer', 'club', 'football', 'volunteer', 'captain'}","['unc', 'cornell']","['princeton', 'harvard', 'yale', 'stanford', 'upenn', 'duke', 'northwestern', 'dartmouth', 'brown', 'vanderbilt', 'rice', 'university of notre dame', 'ucla', 'emory', 'uc berkeley', 'umich', ' usc ', 'tufts']",https://www.reddit.com/r/collegeresults/comments/vko406/very_grateful_goofy_ahh_38_gpa_asian_male/
47,Male,['asian'],['math'],1560,[],"{'tutoring', 'club', 'orchestra', 'vp'}","['ucsd', 'university of rochester', ' usc ']","['stanford', 'upenn', 'northwestern', 'washu', 'rice', 'uc berkeley', 'uci']",https://www.reddit.com/r/collegeresults/comments/vj0pxl/asian_wsb_ape_trades_his_way_through_college_apps/
52,Female,['asian'],"['bio', 'chemistry']",[],36 ,"{'club', 'tutor', 'volunteering', 'job', 'working', 'research', 'volunteer'}","['rice', 'umich', ' usc ', 'washu', 'northwestern', 'unc', 'duke']","['harvard', 'stanford', 'upenn', 'dartmouth', 'brown', 'vanderbilt', 'emory', 'cwru']",https://www.reddit.com/r/collegeresults/comments/vgslvm/indian_premed_girl_gets_really_lucky/
55,Male,[],['computer science'],1480,[],"{'club', 'tutor', 'founder', 'internship', 'president', 'volunteering', 'research', 'olympiad', 'captain'}","['ucsd', 'uc berkeley']","['harvard', 'caltech', 'duke', 'northwestern', 'washu', 'cornell', 'university of notre dame', 'cmu', 'uci', 'gatech', 'uc davis', 'ut austin', 'uiuc', 'pomona', 'grinnell', 'hamilton']",https://www.reddit.com/r/collegeresults/comments/vgdttr/intl_male_in_cs_reapplies_after_a_gap_year_and/
56,Male,['asian'],['computer science'],1590,[],{'research'},[],"[' mit ', 'caltech']",https://www.reddit.com/r/collegeresults/comments/vg597e/gave_in_and_finally_got_on_college_admissions/
57,Female,['asian'],"['bio', 'chemistry']",1550,35 ,"{'research', 'club', 'olympiad', 'captain'}","['ucla', 'uci', ' usc ', 'ucsd', ' mit ']","['stanford', 'caltech']",https://www.reddit.com/r/collegeresults/comments/vg4f4c/stem_kid_happy_ending/
58,Female,[],"['computer science', 'computer engineering']",[],36 ,"{'robotics', 'research', 'co-founder', 'club', 'internship', 'volunteering', 'tutoring'}","['yale', 'uci', 'uiuc', 'harvard', 'purdue']","['stanford', 'brown', 'ucla', 'uc berkeley', 'cmu', 'ucsd', 'uc davis', 'pomona']",https://www.reddit.com/r/collegeresults/comments/vflb7p/bay_area_cs_asian_girl_gets_a_ton_of_rejections/
59,Male,['white'],"['econ', 'finance', 'business']",1580,[],"{'volunteered', 'club', 'tutor', 'founder', 'internship', 'president', 'volunteering', 'job', 'teaching', 'art', 'volunteer', 'captain'}","['ucla', 'vanderbilt', 'nyu', 'pomona', 'ucsb']","['princeton', 'harvard', ' mit ', 'yale', 'upenn', 'caltech', 'duke', 'dartmouth', 'brown', 'uc berkeley', 'umich', 'ucsd', 'uci', 'northeastern', 'middlebury']",https://www.reddit.com/r/collegeresults/comments/vf0ghk/econfinance_major_gets_solid_results_fully_updated/
60,Male,['asian'],['computer science'],1540,35 ,"{'research', 'club', 'founder', 'internship', 'tutoring', 'president', 'teaching', 'intern', 'volunteer', 'captain', 'olympiad'}","['yale', 'cwru', 'duke', 'purdue', 'cornell']","['princeton', 'harvard', ' mit ', 'stanford', 'ucla', 'uc berkeley', 'umich', 'cmu', 'uiuc']",https://www.reddit.com/r/collegeresults/comments/veq1i7/lazy_cs_student_procrastinates_and_gets_a/
64,Male,['white'],['computer science'],1410,[],"{'club', 'soccer', 'internship', 'president', 'job', 'art', 'volunteer', 'captain'}","['uga', 'unc', 'gatech']","['princeton', 'duke', 'vanderbilt', 'cornell', 'rice', 'university of notre dame', ' uva ']",https://www.reddit.com/r/collegeresults/comments/vdeazs/above_average_student_gets_surprise_of_a_lifetime/
65,Male,['asian'],[' international relations'],1490,[],"{'robotics', 'secretary', 'club', 'founder', 'football', 'executive', 'treasurer'}","['ut austin', 'william & mary', 'uci', 'ucsd', 'tulane', 'ucsb']","['princeton', 'harvard', 'yale', 'uchicago', 'washu', 'cornell', 'ucla', 'georgetown', 'nyu', 'tufts', 'washington & lee']",https://www.reddit.com/r/collegeresults/comments/vd9uqr/west_point_kid_pulled_application_and_had_to_pick/
69,Male,['asian'],['computer science'],1550,35 ,"{'club', 'president', 'volunteering', 'working', 'captain'}","['middlebury', 'gatech']","[' mit ', 'stanford', 'uchicago', 'cmu', 'cwru', 'uiuc', 'northeastern', 'grinnell']",https://www.reddit.com/r/collegeresults/comments/vb2zhl/batted_over_500/
72,Male,['asian'],['computer science'],[],32 ,"{'tutoring', 'club', 'robotics', 'orchestra'}","['uiuc', 'rice']","['princeton', 'yale', 'stanford', 'duke', 'northwestern', 'cornell', 'ucla', 'uc berkeley', ' usc ', 'ucsd', 'uci', 'uc davis']",https://www.reddit.com/r/collegeresults/comments/v9palj/asian_male_shouldnt_have_applied_for_cs/
73,Male,['white'],"['political science', 'philosophy']",[],30 ,"{'club', 'art'}","['lehigh', 'davidson', 'swarthmore']","['yale', 'brown', 'boston college', 'northeastern', 'wesleyan']",https://www.reddit.com/r/collegeresults/comments/v8z6bz/hopeless_student_gets_big_surprise/
74,Male,['asian'],"['math', 'mechanical engineer']",1570,[],"{'research', 'club', 'art', 'president'}","['ucla', 'rice', 'uc berkeley', 'ucsd', 'purdue', 'ucsb']","['princeton', 'harvard', ' mit ', 'yale', 'caltech', 'duke', 'jhu', 'northwestern', 'vanderbilt', 'cornell', 'cmu', 'gatech', 'colby']",https://www.reddit.com/r/collegeresults/comments/v8we3y/bay_area_kid_hated_this_process_so_much_grateful/
75,Male,['asian'],"['bio', 'business']",1520,[],"{'tennis', 'officer', 'founder', 'president', 'research', 'treasurer', 'volunteer'}","[' bu ', 'uiuc', ' usc ']","['northwestern', 'brown', 'ucla', 'emory', 'uc berkeley', 'tufts', 'ucsd', 'northeastern']",https://www.reddit.com/r/collegeresults/comments/v8rva7/small_business_owner_accepted_into_college_for/
78,Male,['white'],['premed'],[],[],"{'internship', 'art', 'volunteered', 'interned'}","['claremont', 'ucla', 'pomona']","['ucsb', 'uci']",https://www.reddit.com/r/collegeresults/comments/v71on6/ca_nontradtional_transfer_student_with_average/
79,Male,['asian'],['computer science'],1500,35 ,"{'robotics', 'tutor', 'research', 'captain', 'nonprofit'}","['northeastern', 'purdue']","['yale', 'stanford', 'duke', 'northwestern', 'brown', 'washu', 'cornell', 'rice', 'ucla', 'uc berkeley', 'umich', ' usc ', 'ucsb', 'ucsd', 'uci', 'uc davis']",https://www.reddit.com/r/collegeresults/comments/v6q921/asian_male_in_l_season/
80,Female,[],"['bio', 'premed', 'neuroscience']",1540,[],"{'vp', 'research', 'officer', 'club', 'internship', 'president', 'teaching', 'intern'}","['tufts', 'barnard', 'ucla', 'brown', ' usc ', 'ucsd', 'northwestern', 'northeastern']","['princeton', 'harvard', 'yale', 'stanford', 'jhu', 'dartmouth', 'umich', 'pomona']",https://www.reddit.com/r/collegeresults/comments/v6l8xb/premed_black_girl_gets_into_dream_school/
82,Male,[],"['physics', 'computer science', 'environmental']",[],36 ,"{'robotics', 'soccer', 'internship', 'working', 'research'}","['gatech', 'vanderbilt', 'caltech', 'umich', 'yale', ' usc ', 'dartmouth', 'northeastern', 'duke', 'cornell']","['harvard', ' mit ', 'stanford']",https://www.reddit.com/r/collegeresults/comments/v5hvor/spikey_asian_male_in_stem_does_well_w_t20s/
84,Male,['asian'],"['bio', 'chemistry', ' international relations']",[],35 ,"{'vp', 'secretary', 'club', 'founder', 'job', 'volunteered', 'captain'}","['emory', 'georgetown']","['stanford', 'uchicago', 'northwestern', 'vanderbilt', ' usc ', 'nyu', ' bu ']",https://www.reddit.com/r/collegeresults/comments/v4wsft/biochem_major_from_the_south_makes_it_out/
85,Female,['asian'],"['neuroscience', 'computer engineering', 'law', 'undecided']",1530,35 ,"{'tutor', 'president', 'working', 'volunteer', 'captain'}","[' uf ', 'williams', 'cwru']","['harvard', ' mit ', 'uchicago', 'vanderbilt', 'emory', 'boston college', 'northeastern', 'swarthmore', 'middlebury', 'grinnell', 'wesleyan']",https://www.reddit.com/r/collegeresults/comments/v4ip7d/lazy_kid_with_good_stats_and_objectively/
86,Male,['white'],"['computer science', 'econ', 'business', 'undecided', 'environmental']",1440,[],"{'club', 'soccer', 'yearbook', 'job', 'working', 'art'}","['uc berkeley', 'unc', ' usc ']","['ucla', 'ucsb']",https://www.reddit.com/r/collegeresults/comments/v4cnh7/socal_freak_does_everything_wrong_but_makes_it_in/
87,Male,['white'],"['computer engineering', 'econ', 'finance']",1550,[],"{'club', 'soccer', 'founder', 'internship', 'president', 'intern', 'volunteer'}",[],"['harvard', 'yale', 'upenn', 'northwestern', 'dartmouth', 'brown', 'vanderbilt', 'washu', 'university of notre dame', 'emory', 'georgetown', 'nyu', 'tufts', 'university of rochester', 'boston college', 'lehigh', 'northeastern', 'villanova', 'williams', 'bowdoin', 'claremont', 'middlebury', 'hamilton', 'colby', 'wesleyan']",https://www.reddit.com/r/collegeresults/comments/v45790/finance_and_econ_major_shotguns_to_31_colleges/
89,Female,['white'],"['history', 'political science', 'law']",1340,[],"{'president', 'yearbook', 'secretary'}",[],"['harvard', 'yale', 'dartmouth', 'cornell', 'uc berkeley', 'georgetown', 'ucsb', 'boston college', 'uci', 'lehigh', 'northeastern', 'wellesley', 'barnard', 'smith']",https://www.reddit.com/r/collegeresults/comments/v3kbt6/polisci_girlie_shotguns_apps_and_lives_to_regret/
90,Female,['black'],"['computer engineering', 'undecided']",[],[],"{'research', 'club', 'president'}","['uga', ' uf ', 'ucsb']","['ucsd', 'uci']",https://www.reddit.com/r/collegeresults/comments/v3h84c/southern_student_receives_shocking_results/
91,Female,['asian'],"['premed', 'computer science']",1510,[],"{'orchestra', 'club', 'volunteering', 'job', 'working', 'research', 'art', 'volunteer'}",[],"['princeton', 'harvard', 'yale', 'stanford', 'upenn', 'duke', 'northwestern', 'vanderbilt', 'cornell', 'rice', 'cmu', 'ut austin']",https://www.reddit.com/r/collegeresults/comments/v2q6qh/it_happened_twice_so_no_way_it_was_luck_right/
94,Male,['asian'],['computer science'],1580,[],"{'club', 'job', 'orchestra', 'intern', 'volunteer'}","['uw madison', 'purdue', 'northeastern', 'dartmouth']","['duke', 'brown', 'cornell', 'uc berkeley', 'cmu', ' usc ', 'uiuc']",https://www.reddit.com/r/collegeresults/comments/v291qz/asian_cs_w_great_academics_and_bad/
95,Male,['asian'],"['econ', 'business', 'history', 'undecided']",1540,36 ,"{'vp', 'tennis', 'officer', 'club', 'founder', 'president', 'football', 'co-founder', 'treasurer', 'captain'}","['ut austin', 'nyu', 'rice', 'gatech', 'cmu', 'northwestern', 'upenn', 'unc', ' mit ', 'uchicago', 'cornell', ' uva ']","['harvard', 'duke', 'vanderbilt', 'washu']",https://www.reddit.com/r/collegeresults/comments/v26u15/asian_male_with_nonstereotypical_ecs_gets_great/
97,Male,['asian'],['computer science'],1530,[],"{'orchestra', 'vp', 'research', 'club', 'president', 'teaching'}",[],"['princeton', 'harvard', ' mit ', 'yale', 'stanford', 'upenn', 'caltech', 'jhu', 'uc berkeley', 'umich', 'cmu', 'ut austin']",https://www.reddit.com/r/collegeresults/comments/v1uidh/isef_winner_very_let_down_only_gets_into_one/
98,Male,"['white', 'hispanic', 'asian']","['computer engineering', 'political science', 'environmental']",1380,[],"{'club', 'nonprofit', 'job', 'president'}","['uw madison', 'uiuc', 'washu']","['georgetown', ' usc ', ' bu ']",https://www.reddit.com/r/collegeresults/comments/v1tlbs/south_asianwhitehispanic_student_gets_expected/
99,Male,['asian'],"['physics', 'computer engineering', 'aerospace engineering']",1300,[],"{'research', 'soccer', 'intern', 'volunteer'}",['unc'],"['princeton', 'uchicago', 'purdue']",https://www.reddit.com/r/collegeresults/comments/v1pcpi/indian_student_gets_near_satisfactory_outcomes/
100,Male,['asian'],['computer science'],1590,[],"{'mun', 'club', 'internship', 'president', 'job', 'research', 'volunteer', 'captain'}","['uci', 'ucsb']","['princeton', 'harvard', ' mit ', 'stanford', 'rice', 'ucla', 'uc berkeley', 'cmu', 'ucsd', 'gatech', 'uiuc']",https://www.reddit.com/r/collegeresults/comments/v16w5z/asian_male_gets_let_down_by_college_app_process/
101,Female,['black'],['bio'],1470,34 ,"{'club', 'founder', 'internship', 'president', 'research'}","['ut austin', 'harvard', 'yale']","[' mit ', 'stanford']",https://www.reddit.com/r/collegeresults/comments/v0mm49/how_stanny_broke_a_shocking_streak_hysm_of_hypsm/
103,Female,['white'],['computer science'],[],[],"{'robotics', 'club', 'founder', 'internship', 'job', 'working', 'teaching', 'yearbook', 'volunteer', 'captain', 'olympiad'}","['northeastern', 'northwestern', ' mit ']","['caltech', 'cornell', 'cmu', 'gatech', 'william & mary']",https://www.reddit.com/r/collegeresults/comments/uzbite/hacker_finally_commits/
104,Male,[],['econ'],1490,[],"{'mun', 'club', 'soccer', 'volunteering', 'working', 'art'}",['colgate'],"['princeton', 'harvard', ' mit ', 'yale', 'stanford', 'upenn', 'duke', 'northwestern', 'dartmouth', 'brown', 'washu', 'cornell', 'uc berkeley', 'pomona']",https://www.reddit.com/r/collegeresults/comments/uwgmy0/indian_econ_major_gets_waitlisted_everywhere/
105,Male,['asian'],"['computer science', 'computer engineering', 'undecided']",[],[],"{'internship', 'mun', 'olympiad'}","['uiuc', 'washu', ' usc ', ' bu ', 'ucsb']","['harvard', 'yale', 'stanford', 'caltech', 'duke', 'northwestern', 'vanderbilt', 'rice', 'ucla', 'emory', 'uc berkeley', 'tufts', 'wake forest', 'ucsd', 'university of rochester', 'gatech', 'ut austin', 'cwru', 'lehigh', 'northeastern', 'purdue', 'williams', 'haverford', 'colby']",https://www.reddit.com/r/collegeresults/comments/uvwnci/remember_me_the_indian_who_applied_to_26_uni_ea/
106,Male,['asian'],['computer science'],1570,[],"{'club', 'tutor', 'internship', 'president', 'volunteering', 'nonprofit'}","['uci', 'ucsd', 'unc', 'uw madison', 'uc davis']","['yale', 'stanford', 'rice', 'ucla', 'umich', 'gatech', 'uiuc', 'northeastern']",https://www.reddit.com/r/collegeresults/comments/uv4mgk/asian_male_going_into_cs_gets_the_one_school_they/
107,Male,"['white', 'hispanic']",['computer science'],1480,35 ,"{'robotics', 'club', 'president', 'job', 'research', 'olympiad'}","[' uf ', 'gatech']","[' mit ', 'duke', 'cornell', 'cmu']",https://www.reddit.com/r/collegeresults/comments/uv3upi/cs_kid_somehow_doesnt_get_any_rejections/
112,Male,[],['computer science'],1510,34 ,{'teaching'},['harvard'],"['princeton', 'yale', 'stanford', 'uchicago', 'upenn', 'duke', 'cornell', 'ucla', 'uc berkeley', 'nyu', 'gatech', 'cwru', 'northeastern', 'osu']",https://www.reddit.com/r/collegeresults/comments/utgqx4/finally_got_around_posting_fgli_asian_lucks_out/
113,Male,['asian'],"['computer science', 'econ']",1480,[],"{'club', 'president', 'working', 'intern', 'nonprofit'}","['ucsd', 'hamilton']","['harvard', 'yale', 'stanford', 'upenn', 'caltech', 'northwestern', 'cornell', 'rice', 'ucla', 'uc berkeley', 'cmu', ' usc ', 'nyu', 'tufts', 'ucsb', 'uci', 'gatech', 'uc davis', 'uiuc', 'williams', 'pomona']",https://www.reddit.com/r/collegeresults/comments/usx4ar/asian_male_doesnt_get_saved_by_berkeley_cs_also_a/
114,Male,['asian'],['math'],[],35 ,[],"['uga', 'northeastern', 'northwestern']","['unc', 'middlebury']",https://www.reddit.com/r/collegeresults/comments/usp58h/off_unc_waitlist_without_loci/
117,Male,['white'],"['mechanical engineer', 'computer engineering', 'aerospace engineering']",1510,[],"{'robotics', 'internship', 'working', 'research', 'volunteer'}",[],"['upenn', 'northwestern', 'cornell', 'university of notre dame', 'umich', 'cmu', ' uva ', 'nyu', 'gatech', ' bu ', 'cwru', 'purdue']",https://www.reddit.com/r/collegeresults/comments/ur9k6y/brazilian_guy_takes_ls_but_gets_a_nice_clutch_and/
118,Female,['black'],[],1410,[],"{'club', 'founder', 'interned', 'tutoring', 'president', 'volunteering', 'job', 'working', 'research', 'treasurer', 'volunteer'}",['upenn'],"['nyu', ' uf ']",https://www.reddit.com/r/collegeresults/comments/ur1wt1/black_girl_crapshots_an_ivyt30s_and_succeeds/
120,Male,['white'],['computer science'],1280,[],"{'teaching', 'club', 'job', 'working'}",['university of rochester'],['cmu'],https://www.reddit.com/r/collegeresults/comments/ur0kb3/the_middle_ground_applicant_gets_to_live_the/
121,Male,['white'],['computer science'],1420,[],"{'secretary', 'club', 'yearbook', 'tutor', 'tutoring', 'president', 'teaching', 'art'}","[' bu ', 'brandeis']","['brown', 'cmu', 'nyu', 'northeastern']",https://www.reddit.com/r/collegeresults/comments/uqkl5a/gay_white_ukrainian_male_applied_for_cs_from_a/
123,Male,['white'],"['computer science', 'econ', 'finance']",1560,[],"{'robotics', 'president', 'co-founder', 'volunteer', 'captain', 'nonprofit'}","['gatech', 'uchicago', 'northeastern', 'duke', 'uw madison']","['princeton', 'harvard', ' mit ', 'stanford', 'caltech', 'northwestern', 'brown', 'vanderbilt', 'tufts']",https://www.reddit.com/r/collegeresults/comments/uqftiu/white_guy_in_cs_turns_down_hypsm/
124,Female,['hispanic'],"['bio', 'neuroscience']",[],[],"{'yearbook', 'art'}","['northeastern', 'ucla', 'ucsb']",['uc berkeley'],https://www.reddit.com/r/collegeresults/comments/uqcqva/girl_who_just_tried_her_best_gets_mostly_good/
126,Female,[],"['finance', 'law']",1600,[],{'mun'},"['nyu', 'unc']","['northwestern', 'brown', 'uc berkeley']",https://www.reddit.com/r/collegeresults/comments/upxztl/neurotic_asian_girl_with_1600_gets_into_oxford/
128,Male,['hispanic'],"['computer science', 'computer engineering']",[],36 ,"{'orchestra', 'robotics', 'club', 'tutor', 'president', 'research', 'intern', 'treasurer', 'captain', 'nonprofit'}","['uw madison', 'umich', 'ucsb']","[' mit ', 'stanford', 'uchicago', 'upenn', 'caltech', 'ucla', 'uc berkeley', 'cmu', 'ucsd']",https://www.reddit.com/r/collegeresults/comments/ups7a0/closeted_trans_bay_area_csce_applicant_gets_good/
129,Male,"['white', 'hispanic']","['computer engineering', 'electrical engineering', 'history', 'political science', 'philosophy']",1530,[],"{'research', 'club', 'volunteer', 'officer'}","['georgetown', 'brown', 'university of notre dame', 'princeton', 'colgate', 'cornell']","['uchicago', 'washu', 'williams', 'swarthmore', 'bowdoin', 'middlebury', 'hamilton', 'colby', 'wesleyan']",https://www.reddit.com/r/collegeresults/comments/uprkk2/no_awards_almost_no_ecs_yet_a_surprising_result/
133,Female,[],['english'],1530,[],"{'orchestra', 'tennis', 'secretary', 'club', 'president', 'research', 'volunteer'}","['uga', 'barnard', 'boston college', 'wesleyan']","['princeton', 'harvard', 'yale', 'uchicago', 'northeastern']",https://www.reddit.com/r/collegeresults/comments/uo9dzm/asian_girl_humanities_major_got_good_news/
134,Male,"['white', 'asian']","['computer science', 'computer engineering', 'econ', 'political science', 'philosophy']",1540,[],"{'club', 'volunteering', 'president'}","['ucla', 'williams', 'uc berkeley', 'uiuc', 'ucsd', 'wesleyan', 'ucsb']","['princeton', 'harvard', ' mit ', 'yale', 'stanford', 'upenn', 'caltech', 'dartmouth', 'brown', 'cornell', 'umich', 'cmu', 'gatech', 'northeastern']",https://www.reddit.com/r/collegeresults/comments/unvvm7/whiteasian_male_takes_lottery_school_ls_and/
137,Male,['white'],[],1440,35 ,"{'club', 'tutor', 'founder', 'president', 'job'}","['georgetown', 'williams', 'brown', 'yale', 'washu', 'upenn', 'harvard']","['princeton', 'uchicago']",https://www.reddit.com/r/collegeresults/comments/un2ce8/white_male_has_big_ambitions/
138,Male,['white'],['computer science'],1520,[],"{'internship', 'club', 'soccer', 'founder'}",['colby'],"['duke', 'vanderbilt', 'washu', 'cornell', 'emory', 'wake forest', 'cwru', 'lehigh', 'northeastern', 'middlebury']",https://www.reddit.com/r/collegeresults/comments/umzqyi/boston_area_boy_with_a_few_surprises/
142,Female,['white'],['political science'],[],[],"{'club', 'interned', 'internship', 'volunteered', 'art'}","['uw madison', 'brandeis', 'unc']","['uchicago', 'william & mary', 'tulane']",https://www.reddit.com/r/collegeresults/comments/umy7k0/testoptional_homeschooler_gets_decent_results/
144,Male,['white'],"['econ', 'business', ' international relations']",1520,[],"{'tennis', 'tutor', 'internship', 'job', 'tutoring'}",[],"[' mit ', 'stanford', 'uchicago', 'caltech', 'washu', 'rice', 'georgetown', 'nyu', 'tufts', 'university of rochester', 'tulane', 'lehigh', 'northeastern', 'williams', 'swarthmore', 'carleton', 'middlebury', 'hamilton', 'colby', 'colgate', 'wesleyan']",https://www.reddit.com/r/collegeresults/comments/ump1sn/reposting_with_full_decisions_international/
146,Male,['white'],"['computer science', 'business']",1490,34 ,"{'tennis', 'club', 'president', 'research', 'captain'}","['ucsd', 'ucsb']","['stanford', 'upenn', 'duke', 'northwestern', 'brown', 'vanderbilt', 'washu', 'ucla', 'uc berkeley', 'cmu', ' usc ', 'uci', 'uc davis', 'northeastern']",https://www.reddit.com/r/collegeresults/comments/um7chg/bay_area_applicant_takes_a_lot_of_ls_before/
147,Female,['asian'],['computer science'],1500,[],"{'club', 'volunteering'}",[],"['princeton', 'harvard', 'yale', 'stanford', 'upenn', 'caltech', 'jhu', 'cornell', 'ucla', 'uc berkeley', 'umich', 'ucsb', 'gatech', 'ut austin']",https://www.reddit.com/r/collegeresults/comments/ulmtlc/results_for_internation_majoring_in_physics/
150,Other/LGBTQ+,[],['physics'],1560,[],"{'vp', 'club', 'golf', 'tutor', 'job', 'volunteer'}",['uc davis'],"['washu', 'uc berkeley', ' usc ', 'tufts', 'ucsb', 'ucsd', 'uci', 'cwru', 'wesleyan']",https://www.reddit.com/r/collegeresults/comments/ul9dfp/results_for_a_physics_applicant_with_good_stats/
152,Female,['asian'],"['computer engineering', 'econ', 'anthropology']",1500,[],"{'club', 'president', 'volunteering', 'research', 'executive'}","['university of rochester', 'middlebury', 'smith', 'hamilton', 'colby', ' usc ', 'boston college', 'colgate']","['duke', 'vanderbilt', 'cornell', 'rice', 'ucla', 'emory', 'nyu', 'unc', 'wake forest', 'ucsd', ' bu ', 'northeastern']",https://www.reddit.com/r/collegeresults/comments/ul26ws/international_asian_going_to_lac/
153,Female,['asian'],"['econ', 'business']",1480,[],"{'club', 'tutor', 'president', 'job', 'research', 'volunteer', 'olympiad'}",['cornell'],[],https://www.reddit.com/r/collegeresults/comments/ukwjjg/asian_girl_dyson_cornell_ed_admit/
156,Other/LGBTQ+,['asian'],['computer science'],1590,[],"{'orchestra', 'robotics', 'club', 'tutor', 'interned', 'tutoring', 'president', 'research', 'treasurer', 'volunteer'}",[],"['princeton', 'harvard', ' mit ', 'stanford', 'upenn', 'caltech', 'duke', 'cornell', 'uc berkeley', 'cmu']",https://www.reddit.com/r/collegeresults/comments/uko4vp/asian_male_in_cs_gets_rejected_from_everywhere/
160,Male,['asian'],['environmental'],1530,[],"{'research', 'club', 'tutoring', 'nonprofit'}","['ucsb', 'rice', 'uc davis']","['harvard', 'stanford', 'northwestern', 'brown', 'ucla', ' usc ', 'ucsd', 'uci', 'cwru', 'northeastern', 'pomona']",https://www.reddit.com/r/collegeresults/comments/uil7fv/environmental_sciencepremed_applicant_receives_a/
162,Female,['white'],['physics'],1550,[],"{'club', 'founder', 'president', 'volunteering', 'art'}","['uw madison', 'cmu', ' uva ']","[' mit ', 'stanford', 'caltech', 'cornell', 'uc berkeley', 'umich', 'gatech']",https://www.reddit.com/r/collegeresults/comments/uh2mxl/well_rounded_stem_applicant_gets_surprising/
167,Female,['white'],"['business', 'marketing']",1510,[],"{'club', 'captain'}",[],"['university of notre dame', 'ucla', 'uc berkeley', ' usc ', 'ucsb', 'unc', 'wake forest', 'ucsd', 'boston college']",https://www.reddit.com/r/collegeresults/comments/ugej79/its_complicated1510_sat_and_going_to_community/
169,Male,['white'],"['math', 'econ']",[],35 ,"{'tennis', 'club', 'internship', 'president', 'tutoring'}","[' uf ', ' uva ', 'gatech']","['princeton', 'yale', 'stanford', 'duke', 'northwestern', 'dartmouth', 'brown', 'vanderbilt', 'rice', 'northeastern']",https://www.reddit.com/r/collegeresults/comments/ug8ql1/realistic_results/
170,Male,['asian'],"['econ', 'business']",1510,[],"{'volunteered', 'club', 'soccer', 'internship', 'president', 'tutoring'}","['uci', 'ucla', 'boston college', ' usc ']","['upenn', 'washu', 'cornell', 'uc berkeley', 'umich', 'nyu', 'ucsb', 'ut austin']",https://www.reddit.com/r/collegeresults/comments/ug4e87/international_east_asian_boy_gets_mixed_results/
173,Male,['asian'],"['computer science', 'computer engineering']",1550,35 ,"{'secretary', 'club', 'soccer', 'tutor', 'founder', 'president', 'research', 'volunteer', 'captain'}",[],"['yale', 'upenn', 'duke', 'northwestern', 'dartmouth', 'washu', 'cornell', 'rice', 'uc berkeley', 'cmu', ' usc ', 'gatech', 'cwru', 'northeastern']",https://www.reddit.com/r/collegeresults/comments/ufahtp/asian_male_in_cs_please_help_me_decide/
174,Male,['white'],['history'],1600,[],"{'research', 'co-founder', 'club', 'tutor', 'founder', 'intern', 'internship', 'teaching', 'art', 'nonprofit'}","['georgetown', 'william & mary', 'rice', ' usc ', 'washu', 'dartmouth', 'cornell']","['princeton', 'harvard', 'yale', 'upenn', 'duke', 'northwestern', 'brown', 'vanderbilt']",https://www.reddit.com/r/collegeresults/comments/uf3st8/ny_kid_is_kinda_satisfied_with_results_but_still/
175,Female,['asian'],"['bio', 'chemistry', 'computer engineering', 'political science', 'environmental']",1530,[],"{'mun', 'co-founder', 'club', 'founder', 'research', 'art', 'volunteer'}",['harvard'],"['northwestern', 'vanderbilt', 'cwru']",https://www.reddit.com/r/collegeresults/comments/uf0ie4/asian_muslim_girl_who_transferred_high_schools/
181,Male,['white'],"['business', 'marketing']",1130,[],"{'officer', 'club', 'football', 'volunteered', 'volunteer'}","['unc', 'university of notre dame']","['cornell', 'university of rochester', 'uiuc', 'osu']",https://www.reddit.com/r/collegeresults/comments/uc82sy/lowest_gpa_applicant_in_sub_history_has_no_idea/
183,Male,['asian'],"['econ', 'political science', ' international relations']",1480,[],"{'volunteered', 'tennis', 'founder', 'president', 'volunteering', 'job', 'tutoring', 'volunteer', 'captain'}","['uci', 'uc berkeley', 'washington & lee', 'ucsb', 'pepperdine', 'uc davis']","['northwestern', 'vanderbilt', 'cornell', 'ucla', 'emory', 'georgetown', 'umich', ' usc ', 'nyu', 'tufts', 'ucsd', 'boston college', ' bu ', 'northeastern', 'claremont', 'middlebury', 'colgate', 'wesleyan']",https://www.reddit.com/r/collegeresults/comments/ubez9s/east_asian_male_immagrant_applied_to_29_colleges/
185,Male,['black'],"['bio', 'neuroscience']",1420,[],"{'research', 'club', 'president'}","['uga', 'umich', 'ucsd', 'unc', 'swarthmore', 'northeastern', 'villanova']","['princeton', 'harvard', 'yale', 'stanford', 'upenn', 'northwestern', 'brown', 'ucla', 'emory', 'uc berkeley', 'georgetown', ' usc ', 'nyu', 'tufts', 'ucsb', 'boston college', ' bu ', 'brandeis', 'cwru', 'pomona']",https://www.reddit.com/r/collegeresults/comments/ub8x0w/insert_clickbaity_title_heres_regular_decision/
187,Male,['asian'],[],1570,35 ,"{'orchestra', 'secretary', 'club', 'volunteering', 'research', 'captain'}","['gatech', 'uci', 'ucsd', 'purdue', ' uva ']","['princeton', 'harvard', ' mit ', 'yale', 'stanford', 'upenn', 'caltech', 'duke', 'northwestern', 'dartmouth', 'brown', 'vanderbilt', 'washu', 'cornell', 'uc berkeley', 'cmu', ' usc ', 'ucsb', 'ut austin', 'uiuc']",https://www.reddit.com/r/collegeresults/comments/ub19g0/cs_applicant_shotguns_but_cant_decode_t20s_and/
189,Male,['asian'],"['econ', 'business', 'environmental']",[],33 ,"{'internship', 'club', 'football', 'founder'}",[],"[' usc ', 'nyu', ' uf ', 'university of rochester', ' bu ', 'northeastern']",https://www.reddit.com/r/collegeresults/comments/uagj0n/low_gpa_asian_with_high_test_scores_and_adhd/
190,Male,['asian'],['computer science'],1370,[],"{'golf', 'football', 'captain', 'working'}","['ucla', 'vanderbilt', 'uc berkeley', 'ucsd', 'lehigh', ' bu ', 'ucsb']","['princeton', 'harvard', 'yale', 'stanford', 'boston college', 'tulane', 'northeastern']",https://www.reddit.com/r/collegeresults/comments/uaebml/mixed_asian_with_no_clubs_volunteering_or_fancy/
197,Female,['asian'],['math'],[],[],"{'club', 'tutor', 'president', 'tutoring', 'yearbook'}","['ucsb', 'ucla', 'pomona', 'uc davis']","['stanford', 'uc berkeley', ' usc ', 'ucsd', 'uci']",https://www.reddit.com/r/collegeresults/comments/u9b356/asian_girl_applies_to_only_state_schools_and_gets/
198,Male,['asian'],"['bio', 'premed']",1540,[],"{'vp', 'research', 'club', 'founder', 'internship', 'president', 'volunteering', 'working', 'teaching', 'volunteer'}","['university of rochester', 'uci', 'uiuc', 'cwru', 'ucsd', 'ucsb', 'uc davis']","['harvard', ' mit ', 'yale', 'stanford', 'upenn', 'duke', 'northwestern', 'brown', 'cornell', 'ucla', 'uc berkeley', 'umich', ' usc ', ' bu ']",https://www.reddit.com/r/collegeresults/comments/u9apmv/south_asian_premedbme_shotgunner_cops_uc_dubs/
199,Male,['white'],['computer science'],1530,[],"{'club', 'captain', 'president'}","['northeastern', 'cmu', 'tufts']","['harvard', 'yale', 'stanford', 'cornell', 'ucla', 'umich']",https://www.reddit.com/r/collegeresults/comments/u8sc0r/basketball_player_with_mid_gpa_gets_top_cs/
200,Male,['white'],[],1520,[],{'volunteered'},['brandeis'],"['harvard', 'dartmouth', 'tufts', 'northeastern', 'williams', 'bowdoin']",https://www.reddit.com/r/collegeresults/comments/u8qowq/american_gets_dreams_of_studying_in_the_uk_dashed/
202,Male,[],['computer science'],1600,[],"{'club', 'president', 'working', 'research', 'art', 'olympiad'}","['nyu', 'ucsd', 'purdue', 'ucsb']","[' mit ', 'stanford', 'caltech', 'washu', 'cornell', 'ucla', 'uc berkeley', 'cmu', ' usc ', 'uci', 'gatech', 'uiuc']",https://www.reddit.com/r/collegeresults/comments/u8fvme/asian_male_gets_saved_by_berkeley_eecs_still_cant/
204,Male,['asian'],"['bio', 'computer science']",1540,[],"{'internship', 'intern', 'research', 'olympiad'}",[],"['harvard', ' mit ', 'yale', 'stanford', 'uchicago', 'upenn', 'caltech', 'duke', 'jhu', 'northwestern', 'dartmouth', 'brown', 'cornell', 'rice', 'ucla', 'uc berkeley', ' usc ', 'tufts', 'ucsb', 'ucsd', 'university of rochester', 'uci', 'uc davis', ' bu ']",https://www.reddit.com/r/collegeresults/comments/u8896p/aspiring_anesthesiologist_tranquilizes_bsmds_and/
206,Male,['asian'],"['premed', 'business']",1530,[],"{'club', 'executive', 'intern'}",['emory'],[],https://www.reddit.com/r/collegeresults/comments/u7xi1c/asian_male_gets_into_1_college/
207,Female,['white'],"['bio', 'undecided']",[],35 ,"{'club', 'president', 'orchestra', 'volunteer', 'captain'}",[' uf '],['northwestern'],https://www.reddit.com/r/collegeresults/comments/u7x1mq/white_stem_girls_results_from_co_21/
212,Male,['white'],"['econ', 'finance', 'business']",1580,[],"{'volunteered', 'club', 'tutor', 'founder', 'internship', 'president', 'volunteering', 'job', 'teaching', 'art', 'volunteer', 'captain'}","['ucla', 'vanderbilt', 'nyu', 'pomona', 'ucsb']","['princeton', 'harvard', ' mit ', 'yale', 'upenn', 'caltech', 'duke', 'dartmouth', 'brown', 'uc berkeley', 'umich', 'ucsd', 'uci', 'northeastern', 'middlebury']",https://www.reddit.com/r/collegeresults/comments/u7kqa4/econfinance_major_gets_solid_results/
213,Female,['white'],"['math', 'econ', 'business']",1520,[],"{'club', 'yearbook', 'intern', 'tutoring', 'art', 'volunteer', 'nonprofit'}","['uc davis', 'ucsb']","['stanford', 'ucla', 'uc berkeley']",https://www.reddit.com/r/collegeresults/comments/u77623/west_coast_results_for_40_student1520_sat_class/
214,Male,['asian'],[],1550,[],"{'tennis', 'club', 'tutor', 'working', 'captain', 'nonprofit'}","['emory', 'northwestern', ' usc ']","['princeton', 'harvard', 'yale', 'stanford', 'brown', 'vanderbilt', 'rice', 'northeastern', 'swarthmore', 'washington & lee']",https://www.reddit.com/r/collegeresults/comments/u6z4uc/religious_asian_male_lands_a_t10_did_i/
221,Male,['white'],"['computer engineering', 'aerospace engineering']",1560,[],"{'club', 'tennis', 'volunteering'}","['gatech', 'umich', 'uiuc', 'cwru', 'purdue', 'stanford', ' uva ']","['princeton', ' mit ', 'cornell']",https://www.reddit.com/r/collegeresults/comments/u6oh5l/white_male_in_the_collegeverse_of_madness/
222,Female,['asian'],['computer engineering'],1450,[],"{'club', 'soccer', 'volunteer'}","['uw madison', 'purdue', 'washu']","['emory', 'tufts', 'university of rochester', 'cwru', 'lehigh']",https://www.reddit.com/r/collegeresults/comments/u6mpyj/international_boarding_student_in_the_us/
224,Female,['asian'],"['computer science', 'computer engineering']",1440,[],"{'secretary', 'officer', 'club', 'research', 'treasurer'}",['osu'],"['cornell', 'cmu', ' uva ', 'nyu', 'northeastern']",https://www.reddit.com/r/collegeresults/comments/u60pr5/asian_female_in_cs_chooses_less_debt_updated/
225,Male,['white'],"['math', 'computer science']",1560,[],"{'club', 'tutor'}",['university of rochester'],"['washu', 'ucla', 'uc berkeley', 'cmu', 'nyu', 'ucsb', 'ucsd', 'uci', 'uc davis', 'cwru']",https://www.reddit.com/r/collegeresults/comments/u5wydt/smoked_by_a_bunch_of_schools_including_safeties/
226,Male,[],"['bio', 'chemistry']",1550,[],"{'club', 'volunteering', 'job', 'research', 'art', 'captain'}","['vanderbilt', 'uci', 'uc berkeley', 'ucsd', 'wesleyan', 'ucsb', 'uc davis']","['princeton', 'harvard', ' mit ', 'yale', 'stanford', 'jhu', 'dartmouth', 'brown', 'ucla', 'emory', ' bu ', 'grinnell', 'hamilton', 'colby']",https://www.reddit.com/r/collegeresults/comments/u5w90a/asian_male_gets_thrown_apart_for_the_most_part/
227,Male,['white'],['computer science'],1570,[],"{'orchestra', 'volunteer', 'captain'}",['cmu'],[],https://www.reddit.com/r/collegeresults/comments/u5v4n6/ca_boi_builds_some_stuff_and_takes_some_classes/
228,Female,['hispanic'],['mechanical engineer'],1530,[],"{'club', 'soccer', 'tutoring', 'research', 'art', 'volunteer'}","['northwestern', 'uchicago']","['princeton', 'harvard', ' mit ', 'yale', 'duke', 'dartmouth', 'brown', 'ucla', 'ucsb', 'ucsd', 'uci', 'uc davis']",https://www.reddit.com/r/collegeresults/comments/u5rpi4/ca_girlie_hated_by_everywhere_but_illinois_ivy/
229,Male,['white'],"['math', 'bio', 'computer science']",1490,[],"{'club', 'soccer', 'officer'}","['emory', 'university of rochester', 'gatech', 'rice', 'lehigh', 'cornell', 'stanford', 'villanova']","['uchicago', 'dartmouth', 'university of notre dame', 'georgetown', 'cmu', 'boston college', 'swarthmore', 'middlebury']",https://www.reddit.com/r/collegeresults/comments/u5dbru/college_results_application_process_reflections/
230,Male,['white'],"['econ', 'business']",1510,36 ,"{'vp', 'club', 'tutor', 'internship', 'president', 'job', 'volunteer', 'captain'}",['purdue'],"['upenn', 'dartmouth', 'vanderbilt', 'washu', 'rice', 'northeastern']",https://www.reddit.com/r/collegeresults/comments/u57bqr/act_couldnt_make_up_for_a_lack_of_rigor_business/
236,Other/LGBTQ+,[],['computer science'],1520,[],"{'officer', 'club', 'internship', 'job', 'research'}","['georgetown', 'jhu', 'brown', 'gatech', 'dartmouth', 'uchicago', 'princeton', 'duke', 'cornell']","['harvard', ' mit ', 'yale', 'stanford', 'caltech']",https://www.reddit.com/r/collegeresults/comments/u4h14a/asian_male_cs_several_ivies/
238,Male,[],"['computer science', 'computer engineering']",[],35 ,"{'orchestra', 'tennis', 'club', 'internship', 'volunteering', 'research', 'volunteer'}","['duke', ' mit ', ' usc ']","['princeton', 'harvard', 'yale', 'stanford', 'uchicago', 'upenn', 'caltech', 'jhu', 'northwestern', 'brown', 'vanderbilt', 'washu', 'cornell', 'ucla', 'uc berkeley', 'nyu']",https://www.reddit.com/r/collegeresults/comments/u3xb91/wellrounded_asian_cs_boy_miracle_after_crushed/
240,Male,['white'],"['econ', 'environmental']",[],[],"{'teaching', 'research'}","['georgetown', 'brown', 'vanderbilt', 'washu', 'princeton', 'northeastern', 'duke', 'stanford', 'wesleyan']","['harvard', 'yale', 'cornell']",https://www.reddit.com/r/collegeresults/comments/u3il9l/rural_new_englander_hits_it_big/
243,Male,[],['bio'],1550,[],"{'vp', 'club', 'soccer', 'internship', 'president', 'volunteered', 'captain'}","['nyu', 'cwru', 'uc davis']","['northwestern', 'dartmouth', 'brown', 'washu', 'cornell', 'ucla', 'emory', 'uc berkeley', ' uva ', 'tufts', 'ucsb', 'ucsd', 'uci', 'northeastern']",https://www.reddit.com/r/collegeresults/comments/u3967q/bay_area_indian_biology_boy_gets_let_down_by_fits/
246,Female,[],"['mechanical engineer', 'econ']",1570,36 ,"{'vp', 'robotics', 'club', 'president', 'volunteering', 'research', 'captain'}","['rice', 'umich', 'uiuc', 'cwru', 'ucsd', 'swarthmore', 'purdue', 'cornell']","['princeton', 'harvard', ' mit ', 'stanford', 'northwestern', 'brown', 'ucla', 'uc berkeley', 'cmu']",https://www.reddit.com/r/collegeresults/comments/u2uovx/indian_girl_with_no_proper_safeties_gets_into/
247,Female,['asian'],"['anthropology', 'environmental']",1580,[],"{'tutoring', 'club', 'volunteering', 'volunteer'}","['ucla', 'uci', 'uc berkeley', 'ucsd', 'northwestern', 'ucsb', 'uc davis']","['duke', 'brown', 'cornell']",https://www.reddit.com/r/collegeresults/comments/u2tjb2/stereotypical_high_stats_asian_and_okmeh_ecs_gets/
248,Male,['asian'],"['computer engineering', 'finance', 'business']",1230,[],"{'club', 'soccer', 'volunteering'}",['ut austin'],"['upenn', 'umich', 'ucsd', 'uci', 'uiuc', 'osu']",https://www.reddit.com/r/collegeresults/comments/u2thfc/asian_benefits_from_test_optional_year/
252,Female,['asian'],"['math', 'econ', 'political science']",1560,36 ,"{'club', 'tutor', 'intern', 'president', 'art', 'nonprofit'}","['ucla', 'rice', 'uc berkeley', 'cmu', 'unc', 'upenn']","['princeton', 'harvard', ' mit ', 'yale', 'stanford', 'caltech', 'duke', 'cornell', 'umich', 'gatech', 'northeastern', 'bowdoin']",https://www.reddit.com/r/collegeresults/comments/u2dao7/asian_girl_discovers_stem_isnt_her_true_calling/
253,Male,['white'],"['mechanical engineer', 'aerospace engineering']",1560,[],"{'internship', 'research', 'captain'}","['washu', 'stanford', 'cwru', ' mit ']",[],https://www.reddit.com/r/collegeresults/comments/u2cp0t/rural_kid_goes_1111/
254,Female,['white'],[],1490,[],"{'club', 'volunteering', 'job', 'president'}",['uw madison'],"['yale', 'brown', 'cmu', ' uva ', 'nyu', 'william & mary', 'swarthmore', 'barnard']",https://www.reddit.com/r/collegeresults/comments/u2acqn/musical_theatre_student_gets_a_beatdown/
257,Male,['asian'],['computer science'],[],36 ,"{'orchestra', 'volunteered', 'officer', 'club', 'president', 'volunteering', 'working', 'research', 'captain'}",[],"['princeton', 'harvard', 'yale', 'duke', 'ucla', 'uc berkeley', 'umich', 'cmu', 'gatech']",https://www.reddit.com/r/collegeresults/comments/u1is53/brown_boy_in_cs_goes_about_as_expected/
258,Male,['asian'],"['computer science', 'electrical engineering']",1560,[],"{'robotics', 'research', 'club', 'soccer', 'tutoring', 'teaching', 'art', 'olympiad', 'captain'}","['uiuc', 'university of rochester', 'gatech']","['princeton', 'yale', 'northwestern', 'cornell', 'cmu']",https://www.reddit.com/r/collegeresults/comments/u0w2o4/asian_indian_in_cs_goes_535_in_a_crazy_season/
259,Male,"['white', 'hispanic']","['history', 'environmental']",1580,[],"{'job', 'club', 'tutor', 'captain'}","['cwru', 'university of notre dame']","['princeton', 'harvard', 'yale', 'duke', 'northwestern', 'dartmouth', 'brown', 'boston college', 'lehigh', 'swarthmore', 'carleton']",https://www.reddit.com/r/collegeresults/comments/u0tolg/latino_humanities_kid_applies_to_20_schools_with/
261,Female,['asian'],"['computer science', 'computer engineering']",1530,[],"{'volunteered', 'club', 'tutor', 'research', 'art', 'volunteer'}","['tufts', 'ucla', 'ucsd', 'uw madison', 'purdue', 'northeastern', 'uc davis']","['rice', 'uc berkeley', 'cmu', ' usc ', 'ucsb', 'uci', 'cwru', 'uiuc']",https://www.reddit.com/r/collegeresults/comments/u0pjpj/artistic_cs_girl_gets_kinda_results_no_idea/
263,Male,['white'],"['bio', 'chemistry']",1570,[],"{'orchestra', 'club', 'founder', 'president', 'football', 'co-founder', 'olympiad'}",[],"['brown', 'uc berkeley', 'umich', 'ucsd']",https://www.reddit.com/r/collegeresults/comments/u0mt5g/suburban_white_boy_gets_into_brown_ed/
264,Female,['black'],"['econ', 'political science']",[],[],"{'tutoring', 'club', 'volunteer', 'founder'}","['tufts', 'brown', 'northwestern', 'boston college', ' bu ', 'wesleyan']","['harvard', 'dartmouth', 'northeastern']",https://www.reddit.com/r/collegeresults/comments/u0m04n/black_girl_does_well_in_a_crazy_college/
266,Male,['white'],"['chemistry', 'chemical engineer']",1570,[],"{'club', 'president'}","['gatech', 'uci', 'uc berkeley', 'uiuc', 'uw madison']","[' mit ', 'ucla', 'purdue']",https://www.reddit.com/r/collegeresults/comments/u0c0vu/eastern_european_nuclear_engineer_try_hard_who/
267,Female,[],"['computer engineering', 'political science']",1530,[],"{'volunteered', 'research', 'club', 'founder', 'internship', 'president', 'orchestra'}","['emory', 'tufts', 'ucla', 'rice', 'uci', 'uc berkeley', ' usc ', 'ucsd', 'northwestern', 'boston college', ' bu ', 'duke', 'cornell']","['princeton', 'stanford', 'uchicago', 'northeastern']",https://www.reddit.com/r/collegeresults/comments/u0a37b/asian_intl_gets_some_results_help_me_choose_a_uni/
269,Male,['white'],[],1530,[],"{'research', 'club', 'volunteering'}","['umich', 'carleton', 'cornell']","['yale', 'ucla', 'emory', 'uc berkeley', 'georgetown', 'nyu', 'tufts', 'ucsd', 'uci', 'brandeis', 'swarthmore', 'pomona', 'bowdoin', 'claremont', 'middlebury', 'grinnell', 'hamilton', 'haverford', 'colby', 'wesleyan']",https://www.reddit.com/r/collegeresults/comments/u02z27/lowish_gpa_white_boy_gets_into_t20_kinda/
270,Female,"['white', 'asian']","['computer science', 'business']",1540,35 ,"{'club', 'founder', 'internship', 'president', 'volunteering', 'research', 'treasurer', 'nonprofit'}","['ucla', 'rice', ' usc ', 'ucsd', 'northeastern', ' bu ', 'wesleyan']","['princeton', 'harvard', ' mit ', 'yale', 'stanford', 'upenn', 'duke', 'brown', 'vanderbilt', 'cornell', 'emory', 'uc berkeley', 'cmu', 'ucsb', 'uci', 'uc davis', 'williams']",https://www.reddit.com/r/collegeresults/comments/u004mi/wasian_girl_in_cs_shotguns_and_gets_mixed_results/
271,Male,['asian'],[],1530,[],"{'volunteered', 'tennis', 'club', 'internship', 'job', 'working', 'research', 'volunteer'}","['ucla', 'brown', 'uc davis', 'yale', 'uc berkeley', ' usc ', 'princeton', 'stanford', 'cornell', 'ucsb']",['uci'],https://www.reddit.com/r/collegeresults/comments/tzwmqs/queer_se_asian_with_simple_ecs_and_almost_no/
272,Female,['white'],"['business', 'philosophy', ' international relations']",1520,[],"{'tennis', 'tutor', 'internship', 'job', 'tutoring'}","['georgetown', 'williams', 'university of rochester', 'yale', 'carleton', 'cwru', 'swarthmore', 'dartmouth', 'uchicago', 'northeastern', 'princeton', 'stanford', 'tufts', 'caltech', 'upenn', ' mit ', 'nyu', 'harvard', 'cornell']","['rice', 'tulane', 'hamilton', 'colby', 'wesleyan']",https://www.reddit.com/r/collegeresults/comments/tzu7lo/international_student_from_europe_gets_very_sad/
273,Female,['asian'],"['econ', 'political science', 'philosophy', 'english']",[],[],"{'mun', 'secretary', 'club', 'founder', 'president', 'research', 'art', 'volunteer'}","['brown', 'unc', 'northwestern', 'duke', 'cornell']","['yale', 'washu', 'ucsb', 'cwru', 'williams', 'amherst college', 'wellesley', 'grinnell', 'haverford', 'colgate', 'smith']",https://www.reddit.com/r/collegeresults/comments/tztinc/decisions_of_asian_gal_on_wlrejection_streak_lacs/
277,Male,['white'],"['neuroscience', 'econ']",1560,[],"{'club', 'internship', 'president', 'volunteering', 'job', 'captain', 'nonprofit'}","['uw madison', 'ucla', 'ucsb']","['uc berkeley', 'ucsd', 'uci', 'uc davis']",https://www.reddit.com/r/collegeresults/comments/tz4v6u/wants_to_do_the_bare_minimum_ends_up_at_ucla/
279,Male,['white'],"['econ', 'business']",1570,[],[],['cmu'],"['harvard', 'brown', 'vanderbilt', 'washu', ' uva ', 'tufts', 'northeastern', 'williams', 'middlebury', 'wesleyan']",https://www.reddit.com/r/collegeresults/comments/tyx57g/dumb_kid_overestimates_chances_gets_stupid_lucky/
280,Male,['white'],['physics'],[],[],{'olympiad'},"['ucla', 'uc berkeley', 'uc davis']","['ucsb', 'ucsd', 'uci']",https://www.reddit.com/r/collegeresults/comments/tywpiu/i_am_the_definition_of_luck/
282,Male,"['white', 'asian']",['computer science'],1500,[],"{'club', 'tennis', 'volunteering', 'job'}","['uiuc', 'uw madison', 'purdue', ' bu ', 'uc davis']","['stanford', 'cornell', 'ucla', 'uc berkeley', 'umich', ' usc ', 'nyu', 'ucsb', 'unc', 'ucsd', 'uci', 'gatech', 'ut austin', 'cwru', 'northeastern']",https://www.reddit.com/r/collegeresults/comments/tyw4i4/what_applying_cs_actually_looks_like_bay_area/
284,Male,['asian'],['computer science'],1580,[],"{'robotics', 'club', 'president', 'research', 'olympiad'}","['ut austin', 'ucla', 'rice', 'yale', 'uci', 'gatech', 'uiuc', 'ucsd', 'uw madison', 'purdue', 'ucsb']","['princeton', 'harvard', ' mit ', 'stanford', 'uchicago', 'caltech', 'duke', 'cornell', 'uc berkeley', 'umich', 'cmu', ' usc ']",https://www.reddit.com/r/collegeresults/comments/tytybb/asian_male_in_cs_clutches_t5_nearly_sweeps_ucs/
285,Male,['asian'],['mechanical engineer'],1480,[],"{'club', 'tutor', 'founder', 'president', 'co-founder'}","['osu', 'colby', 'wesleyan']","['umich', 'nyu', 'uci', 'uc davis', 'cwru', 'uw madison', 'uiuc', 'northeastern', 'purdue', 'grinnell']",https://www.reddit.com/r/collegeresults/comments/tytulw/low_stats_is_not_the_end_of_your_life/
287,Male,['asian'],"['bio', 'premed', 'econ', 'business']",1530,[],"{'volunteered', 'vp', 'research', 'officer', 'club', 'internship', 'president', 'tutoring'}","['uc davis', 'uiuc', 'wesleyan', 'uw madison', 'ucsb']","['upenn', 'northwestern', 'dartmouth', 'brown', 'vanderbilt', 'washu', 'rice', 'ucla', 'emory', 'uc berkeley', 'umich', ' usc ', 'ucsd', 'uci', 'ut austin', 'cwru', 'northeastern', 'pomona', 'claremont']",https://www.reddit.com/r/collegeresults/comments/tysdff/procastinator_gets_a_happy_ending/
288,Female,['white'],['computer engineering'],[],31 ,"{'officer', 'secretary', 'club', 'internship', 'president', 'volunteering', 'volunteer'}","['uga', 'osu', ' uf ', 'uc davis']",['cornell'],https://www.reddit.com/r/collegeresults/comments/tys1ke/stats_from_someone_who_didnt_necessarily_care/
291,Male,['white'],"['bio', 'premed', 'chemistry']",[],[],"{'tutor', 'intern', 'interned', 'volunteering', 'art', 'volunteer'}",['uw madison'],"['harvard', 'northwestern', 'dartmouth', 'cornell', 'umich', ' usc ', 'nyu', ' bu ', 'northeastern', 'williams', 'colby', 'colgate']",https://www.reddit.com/r/collegeresults/comments/typ4k3/this_is_what_an_actual_college_results_looks_like/
292,Male,['white'],"['premed', 'chemistry']",1530,[],"{'club', 'soccer', 'tutor', 'tutoring', 'captain'}","['hamilton', 'brandeis', 'colby']","['harvard', 'northwestern', 'dartmouth', 'cornell', 'nyu', 'tufts', 'northeastern', 'villanova', 'williams', 'swarthmore', 'middlebury', 'haverford', 'colgate', 'wesleyan']",https://www.reddit.com/r/collegeresults/comments/typ42v/white_boy_w_low_gpa_does_30_college_shotgun_uses/
293,Female,[],"['computer engineering', 'econ', 'finance']",1510,[],"{'officer', 'club', 'tutor', 'president', 'executive', 'treasurer'}","[' bu ', 'upenn', ' uva ']","['harvard', 'yale', 'stanford', 'duke', 'northwestern', 'dartmouth', 'brown', 'cornell', 'georgetown', 'nyu', 'northeastern', 'williams', 'claremont']",https://www.reddit.com/r/collegeresults/comments/tyif1d/unhooked_asian_girl_shotguns_and_bags_num_1/
296,Male,['white'],[' international relations'],[],[],"{'tennis', 'mun', 'internship', 'president', 'job', 'research'}","['william & mary', 'uc berkeley', 'ucsd', 'washu']","['harvard', 'stanford', 'ucla', 'georgetown', ' uva ', 'tufts']",https://www.reddit.com/r/collegeresults/comments/txx4x4/white_ir_major_gets_realistic_results/
